'Elapsed time','ECG1'
'hh:mm:ss.mmm','mV'
'0:00.000',0.720
'0:00.004',1.030
'0:00.008',0.700
'0:00.012',0.375
'0:00.016',0.045
'0:00.020',-0.280
'0:00.024',-0.610
'0:00.028',-0.935
'0:00.032',-1.265
'0:00.036',-1.590
'0:00.040',-1.790
'0:00.044',-1.535
'0:00.048',-1.260
'0:00.052',-0.935
'0:00.056',-0.665
'0:00.060',-0.495
'0:00.064',-0.370
'0:00.068',-0.310
'0:00.072',-0.270
'0:00.076',-0.260
'0:00.080',-0.240
'0:00.084',-0.205
'0:00.088',-0.180
'0:00.092',-0.160
'0:00.096',-0.140
'0:00.100',-0.120
'0:00.104',-0.110
'0:00.108',-0.115
'0:00.112',-0.100
'0:00.116',-0.065
'0:00.120',-0.060
'0:00.124',-0.080
'0:00.128',-0.065
'0:00.132',-0.030
'0:00.136',-0.025
'0:00.140',-0.035
'0:00.144',-0.025
'0:00.148',-0.005
'0:00.152',0.000
'0:00.156',-0.005
'0:00.160',0.015
'0:00.164',0.045
'0:00.168',0.040
'0:00.172',0.030
'0:00.176',0.065
'0:00.180',0.100
'0:00.184',0.120
'0:00.188',0.140
'0:00.192',0.145
'0:00.196',0.150
'0:00.200',0.170
'0:00.204',0.195
'0:00.208',0.230
'0:00.212',0.260
'0:00.216',0.270
'0:00.220',0.290
'0:00.224',0.325
'0:00.228',0.360
'0:00.232',0.390
'0:00.236',0.415
'0:00.240',0.430
'0:00.244',0.460
'0:00.248',0.505
'0:00.252',0.550
'0:00.256',0.590
'0:00.260',0.630
'0:00.264',0.670
'0:00.268',0.695
'0:00.272',0.710
'0:00.276',0.735
'0:00.280',0.760
'0:00.284',0.780
'0:00.288',0.800
'0:00.292',0.825
'0:00.296',0.845
'0:00.300',0.830
'0:00.304',0.805
'0:00.308',0.800
'0:00.312',0.800
'0:00.316',0.755
'0:00.320',0.695
'0:00.324',0.650
'0:00.328',0.605
'0:00.332',0.555
'0:00.336',0.500
'0:00.340',0.435
'0:00.344',0.370
'0:00.348',0.325
'0:00.352',0.280
'0:00.356',0.245
'0:00.360',0.205
'0:00.364',0.170
'0:00.368',0.135
'0:00.372',0.100
'0:00.376',0.070
'0:00.380',0.060
'0:00.384',0.050
'0:00.388',0.035
'0:00.392',0.020
'0:00.396',0.015
'0:00.400',0.010
'0:00.404',0.000
'0:00.408',-0.015
'0:00.412',-0.035
'0:00.416',-0.050
'0:00.420',-0.045
'0:00.424',-0.035
'0:00.428',-0.025
'0:00.432',-0.030
'0:00.436',-0.060
'0:00.440',-0.075
'0:00.444',-0.090
'0:00.448',-0.085
'0:00.452',-0.060
'0:00.456',-0.065
'0:00.460',-0.090
'0:00.464',-0.085
'0:00.468',-0.055
'0:00.472',-0.050
'0:00.476',-0.055
'0:00.480',-0.060
'0:00.484',-0.060
'0:00.488',-0.060
'0:00.492',-0.055
'0:00.496',-0.060
'0:00.500',-0.050
'0:00.504',-0.070
'0:00.508',-0.060
'0:00.512',-0.060
'0:00.516',-0.060
'0:00.520',-0.070
'0:00.524',-0.080
'0:00.528',-0.075
'0:00.532',-0.070
'0:00.536',-0.055
'0:00.540',-0.040
'0:00.544',-0.035
'0:00.548',-0.035
'0:00.552',-0.055
'0:00.556',-0.065
'0:00.560',-0.050
'0:00.564',-0.040
'0:00.568',-0.050
'0:00.572',-0.060
'0:00.576',-0.055
'0:00.580',-0.050
'0:00.584',-0.045
'0:00.588',-0.045
'0:00.592',-0.055
'0:00.596',-0.055
'0:00.600',-0.045
'0:00.604',-0.040
'0:00.608',-0.040
'0:00.612',-0.040
'0:00.616',-0.035
'0:00.620',-0.040
'0:00.624',-0.055
'0:00.628',-0.060
'0:00.632',-0.055
'0:00.636',-0.050
'0:00.640',-0.045
'0:00.644',-0.040
'0:00.648',-0.035
'0:00.652',-0.035
'0:00.656',-0.045
'0:00.660',-0.050
'0:00.664',-0.045
'0:00.668',-0.045
'0:00.672',-0.050
'0:00.676',-0.040
'0:00.680',-0.030
'0:00.684',-0.040
'0:00.688',-0.050
'0:00.692',-0.055
'0:00.696',-0.060
'0:00.700',-0.030
'0:00.704',-0.010
'0:00.708',0.010
'0:00.712',0.035
'0:00.716',0.060
'0:00.720',0.075
'0:00.724',0.050
'0:00.728',0.040
'0:00.732',0.075
'0:00.736',0.100
'0:00.740',0.090
'0:00.744',0.095
'0:00.748',0.135
'0:00.752',0.180
'0:00.756',0.220
'0:00.760',0.250
'0:00.764',0.270
'0:00.768',0.265
'0:00.772',0.235
'0:00.776',0.200
'0:00.780',0.165
'0:00.784',0.130
'0:00.788',0.090
'0:00.792',0.065
'0:00.796',0.040
'0:00.800',0.035
'0:00.804',0.045
'0:00.808',0.025
'0:00.812',-0.015
'0:00.816',-0.070
'0:00.820',-0.135
'0:00.824',-0.125
'0:00.828',-0.105
'0:00.832',-0.100
'0:00.836',-0.110
'0:00.840',-0.110
'0:00.844',-0.110
'0:00.848',-0.095
'0:00.852',-0.080
'0:00.856',-0.090
'0:00.860',-0.100
'0:00.864',-0.090
'0:00.868',-0.075
'0:00.872',-0.025
'0:00.876',0.025
'0:00.880',0.085
'0:00.884',0.040
'0:00.888',-0.265
'0:00.892',-0.360
'0:00.896',-0.035
'0:00.900',0.290
'0:00.904',0.615
'0:00.908',0.940
'0:00.912',1.265
'0:00.916',1.280
'0:00.920',0.950
'0:00.924',0.625
'0:00.928',0.295
'0:00.932',-0.030
'0:00.936',-0.360
'0:00.940',-0.685
'0:00.944',-1.015
'0:00.948',-1.345
'0:00.952',-1.670
'0:00.956',-1.650
'0:00.960',-1.480
'0:00.964',-1.195
'0:00.968',-0.870
'0:00.972',-0.600
'0:00.976',-0.350
'0:00.980',-0.240
'0:00.984',-0.150
'0:00.988',-0.125
'0:00.992',-0.105
'0:00.996',-0.085
'0:01.000',-0.100
'0:01.004',-0.045
'0:01.008',-0.030
'0:01.012',-0.015
'0:01.016',0.000
'0:01.020',0.010
'0:01.024',0.020
'0:01.028',0.020
'0:01.032',0.020
'0:01.036',0.015
'0:01.040',0.010
'0:01.044',0.025
'0:01.048',0.040
'0:01.052',0.045
'0:01.056',0.060
'0:01.060',0.090
'0:01.064',0.110
'0:01.068',0.115
'0:01.072',0.120
'0:01.076',0.125
'0:01.080',0.130
'0:01.084',0.130
'0:01.088',0.140
'0:01.092',0.160
'0:01.096',0.180
'0:01.100',0.210
'0:01.104',0.220
'0:01.108',0.225
'0:01.112',0.250
'0:01.116',0.280
'0:01.120',0.300
'0:01.124',0.320
'0:01.128',0.360
'0:01.132',0.410
'0:01.136',0.430
'0:01.140',0.445
'0:01.144',0.475
'0:01.148',0.505
'0:01.152',0.535
'0:01.156',0.565
'0:01.160',0.600
'0:01.164',0.635
'0:01.168',0.670
'0:01.172',0.700
'0:01.176',0.735
'0:01.180',0.770
'0:01.184',0.790
'0:01.188',0.810
'0:01.192',0.840
'0:01.196',0.870
'0:01.200',0.885
'0:01.204',0.900
'0:01.208',0.900
'0:01.212',0.900
'0:01.216',0.895
'0:01.220',0.880
'0:01.224',0.840
'0:01.228',0.810
'0:01.232',0.815
'0:01.236',0.795
'0:01.240',0.730
'0:01.244',0.665
'0:01.248',0.610
'0:01.252',0.550
'0:01.256',0.485
'0:01.260',0.445
'0:01.264',0.430
'0:01.268',0.380
'0:01.272',0.310
'0:01.276',0.250
'0:01.280',0.200
'0:01.284',0.160
'0:01.288',0.130
'0:01.292',0.115
'0:01.296',0.105
'0:01.300',0.100
'0:01.304',0.095
'0:01.308',0.070
'0:01.312',0.045
'0:01.316',0.040
'0:01.320',0.035
'0:01.324',0.030
'0:01.328',0.035
'0:01.332',0.030
'0:01.336',0.010
'0:01.340',0.005
'0:01.344',0.000
'0:01.348',-0.015
'0:01.352',-0.030
'0:01.356',-0.020
'0:01.360',-0.010
'0:01.364',-0.005
'0:01.368',0.000
'0:01.372',-0.010
'0:01.376',-0.020
'0:01.380',-0.025
'0:01.384',-0.030
'0:01.388',-0.025
'0:01.392',-0.020
'0:01.396',-0.015
'0:01.400',-0.005
'0:01.404',0.015
'0:01.408',0.030
'0:01.412',0.025
'0:01.416',0.020
'0:01.420',0.015
'0:01.424',0.010
'0:01.428',0.005
'0:01.432',0.015
'0:01.436',0.045
'0:01.440',0.045
'0:01.444',0.020
'0:01.448',0.020
'0:01.452',0.040
'0:01.456',0.050
'0:01.460',0.055
'0:01.464',0.050
'0:01.468',0.035
'0:01.472',0.040
'0:01.476',0.055
'0:01.480',0.065
'0:01.484',0.075
'0:01.488',0.080
'0:01.492',0.075
'0:01.496',0.055
'0:01.500',0.070
'0:01.504',0.030
'0:01.508',0.030
'0:01.512',0.040
'0:01.516',0.050
'0:01.520',0.035
'0:01.524',0.020
'0:01.528',0.025
'0:01.532',0.030
'0:01.536',0.010
'0:01.540',-0.010
'0:01.544',0.005
'0:01.548',0.020
'0:01.552',0.020
'0:01.556',0.015
'0:01.560',0.000
'0:01.564',-0.010
'0:01.568',-0.020
'0:01.572',-0.030
'0:01.576',-0.020
'0:01.580',-0.010
'0:01.584',-0.005
'0:01.588',-0.015
'0:01.592',-0.045
'0:01.596',-0.055
'0:01.600',-0.045
'0:01.604',-0.045
'0:01.608',-0.055
'0:01.612',-0.060
'0:01.616',-0.055
'0:01.620',-0.045
'0:01.624',-0.035
'0:01.628',-0.045
'0:01.632',-0.065
'0:01.636',-0.055
'0:01.640',-0.035
'0:01.644',-0.030
'0:01.648',-0.035
'0:01.652',-0.025
'0:01.656',-0.005
'0:01.660',0.015
'0:01.664',0.035
'0:01.668',0.035
'0:01.672',0.030
'0:01.676',0.050
'0:01.680',0.070
'0:01.684',0.065
'0:01.688',0.060
'0:01.692',0.090
'0:01.696',0.130
'0:01.700',0.190
'0:01.704',0.240
'0:01.708',0.245
'0:01.712',0.250
'0:01.716',0.255
'0:01.720',0.235
'0:01.724',0.155
'0:01.728',0.095
'0:01.732',0.075
'0:01.736',0.050
'0:01.740',0.020
'0:01.744',0.000
'0:01.748',-0.010
'0:01.752',-0.035
'0:01.756',-0.070
'0:01.760',-0.110
'0:01.764',-0.150
'0:01.768',-0.170
'0:01.772',-0.165
'0:01.776',-0.160
'0:01.780',-0.155
'0:01.784',-0.150
'0:01.788',-0.150
'0:01.792',-0.150
'0:01.796',-0.150
'0:01.800',-0.150
'0:01.804',-0.150
'0:01.808',-0.150
'0:01.812',-0.155
'0:01.816',-0.130
'0:01.820',-0.095
'0:01.824',0.030
'0:01.828',0.165
'0:01.832',-0.105
'0:01.836',-0.390
'0:01.840',-0.260
'0:01.844',-0.120
'0:01.848',0.205
'0:01.852',0.530
'0:01.856',0.855
'0:01.860',1.125
'0:01.864',1.075
'0:01.868',0.965
'0:01.872',0.640
'0:01.876',0.310
'0:01.880',-0.015
'0:01.884',-0.345
'0:01.888',-0.670
'0:01.892',-1.000
'0:01.896',-1.330
'0:01.900',-1.550
'0:01.904',-1.605
'0:01.908',-1.500
'0:01.912',-1.175
'0:01.916',-0.860
'0:01.920',-0.555
'0:01.924',-0.365
'0:01.928',-0.270
'0:01.932',-0.210
'0:01.936',-0.175
'0:01.940',-0.145
'0:01.944',-0.120
'0:01.948',-0.105
'0:01.952',-0.095
'0:01.956',-0.085
'0:01.960',-0.075
'0:01.964',-0.065
'0:01.968',-0.055
'0:01.972',-0.040
'0:01.976',-0.025
'0:01.980',-0.020
'0:01.984',-0.025
'0:01.988',-0.005
'0:01.992',0.025
'0:01.996',0.030
'0:02.000',0.030
'0:02.004',0.035
'0:02.008',0.050
'0:02.012',0.065
'0:02.016',0.080
'0:02.020',0.085
'0:02.024',0.090
'0:02.028',0.100
'0:02.032',0.110
'0:02.036',0.120
'0:02.040',0.135
'0:02.044',0.180
'0:02.048',0.210
'0:02.052',0.210
'0:02.056',0.215
'0:02.060',0.235
'0:02.064',0.255
'0:02.068',0.270
'0:02.072',0.290
'0:02.076',0.315
'0:02.080',0.340
'0:02.084',0.375
'0:02.088',0.400
'0:02.092',0.425
'0:02.096',0.450
'0:02.100',0.480
'0:02.104',0.505
'0:02.108',0.535
'0:02.112',0.570
'0:02.116',0.600
'0:02.120',0.625
'0:02.124',0.650
'0:02.128',0.675
'0:02.132',0.695
'0:02.136',0.715
'0:02.140',0.735
'0:02.144',0.770
'0:02.148',0.805
'0:02.152',0.815
'0:02.156',0.825
'0:02.160',0.830
'0:02.164',0.830
'0:02.168',0.815
'0:02.172',0.800
'0:02.176',0.760
'0:02.180',0.720
'0:02.184',0.665
'0:02.188',0.615
'0:02.192',0.565
'0:02.196',0.515
'0:02.200',0.475
'0:02.204',0.430
'0:02.208',0.375
'0:02.212',0.320
'0:02.216',0.275
'0:02.220',0.225
'0:02.224',0.175
'0:02.228',0.130
'0:02.232',0.095
'0:02.236',0.055
'0:02.240',0.010
'0:02.244',-0.020
'0:02.248',-0.020
'0:02.252',-0.030
'0:02.256',-0.050
'0:02.260',-0.055
'0:02.264',-0.045
'0:02.268',-0.045
'0:02.272',-0.060
'0:02.276',-0.085
'0:02.280',-0.120
'0:02.284',-0.120
'0:02.288',-0.100
'0:02.292',-0.095
'0:02.296',-0.105
'0:02.300',-0.110
'0:02.304',-0.115
'0:02.308',-0.120
'0:02.312',-0.120
'0:02.316',-0.110
'0:02.320',-0.095
'0:02.324',-0.090
'0:02.328',-0.085
'0:02.332',-0.085
'0:02.336',-0.100
'0:02.340',-0.090
'0:02.344',-0.080
'0:02.348',-0.090
'0:02.352',-0.100
'0:02.356',-0.095
'0:02.360',-0.090
'0:02.364',-0.085
'0:02.368',-0.080
'0:02.372',-0.080
'0:02.376',-0.080
'0:02.380',-0.085
'0:02.384',-0.090
'0:02.388',-0.080
'0:02.392',-0.070
'0:02.396',-0.080
'0:02.400',-0.090
'0:02.404',-0.095
'0:02.408',-0.100
'0:02.412',-0.095
'0:02.416',-0.090
'0:02.420',-0.085
'0:02.424',-0.085
'0:02.428',-0.095
'0:02.432',-0.100
'0:02.436',-0.095
'0:02.440',-0.085
'0:02.444',-0.075
'0:02.448',-0.070
'0:02.452',-0.075
'0:02.456',-0.090
'0:02.460',-0.105
'0:02.464',-0.105
'0:02.468',-0.095
'0:02.472',-0.090
'0:02.476',-0.085
'0:02.480',-0.095
'0:02.484',-0.115
'0:02.488',-0.105
'0:02.492',-0.085
'0:02.496',-0.080
'0:02.500',-0.080
'0:02.504',-0.100
'0:02.508',-0.120
'0:02.512',-0.110
'0:02.516',-0.100
'0:02.520',-0.100
'0:02.524',-0.100
'0:02.528',-0.135
'0:02.532',-0.160
'0:02.536',-0.145
'0:02.540',-0.130
'0:02.544',-0.140
'0:02.548',-0.150
'0:02.552',-0.160
'0:02.556',-0.165
'0:02.560',-0.145
'0:02.564',-0.130
'0:02.568',-0.140
'0:02.572',-0.150
'0:02.576',-0.155
'0:02.580',-0.155
'0:02.584',-0.140
'0:02.588',-0.130
'0:02.592',-0.135
'0:02.596',-0.140
'0:02.600',-0.145
'0:02.604',-0.130
'0:02.608',-0.095
'0:02.612',-0.060
'0:02.616',-0.030
'0:02.620',-0.025
'0:02.624',-0.035
'0:02.628',-0.035
'0:02.632',-0.025
'0:02.636',0.000
'0:02.640',0.035
'0:02.644',0.060
'0:02.648',0.085
'0:02.652',0.150
'0:02.656',0.225
'0:02.660',0.225
'0:02.664',0.215
'0:02.668',0.185
'0:02.672',0.160
'0:02.676',0.090
'0:02.680',0.020
'0:02.684',-0.010
'0:02.688',-0.040
'0:02.692',-0.060
'0:02.696',-0.080
'0:02.700',-0.095
'0:02.704',-0.115
'0:02.708',-0.155
'0:02.712',-0.195
'0:02.716',-0.235
'0:02.720',-0.260
'0:02.724',-0.250
'0:02.728',-0.240
'0:02.732',-0.235
'0:02.736',-0.235
'0:02.740',-0.250
'0:02.744',-0.255
'0:02.748',-0.240
'0:02.752',-0.230
'0:02.756',-0.225
'0:02.760',-0.225
'0:02.764',-0.235
'0:02.768',-0.195
'0:02.772',-0.110
'0:02.776',-0.085
'0:02.780',-0.095
'0:02.784',-0.270
'0:02.788',-0.520
'0:02.792',-0.355
'0:02.796',-0.030
'0:02.800',0.295
'0:02.804',0.620
'0:02.808',0.945
'0:02.812',1.270
'0:02.816',1.030
'0:02.820',0.705
'0:02.824',0.375
'0:02.828',0.050
'0:02.832',-0.280
'0:02.836',-0.610
'0:02.840',-0.935
'0:02.844',-1.265
'0:02.848',-1.590
'0:02.852',-1.880
'0:02.856',-1.800
'0:02.860',-1.680
'0:02.864',-1.355
'0:02.868',-1.040
'0:02.872',-0.760
'0:02.876',-0.520
'0:02.880',-0.400
'0:02.884',-0.305
'0:02.888',-0.285
'0:02.892',-0.260
'0:02.896',-0.230
'0:02.900',-0.205
'0:02.904',-0.190
'0:02.908',-0.180
'0:02.912',-0.170
'0:02.916',-0.160
'0:02.920',-0.145
'0:02.924',-0.140
'0:02.928',-0.145
'0:02.932',-0.145
'0:02.936',-0.130
'0:02.940',-0.120
'0:02.944',-0.125
'0:02.948',-0.120
'0:02.952',-0.100
'0:02.956',-0.085
'0:02.960',-0.075
'0:02.964',-0.070
'0:02.968',-0.070
'0:02.972',-0.060
'0:02.976',-0.045
'0:02.980',-0.035
'0:02.984',-0.025
'0:02.988',0.000
'0:02.992',0.025
'0:02.996',0.030
'0:03.000',0.030
'0:03.004',0.060
'0:03.008',0.090
'0:03.012',0.100
'0:03.016',0.110
'0:03.020',0.140
'0:03.024',0.170
'0:03.028',0.190
'0:03.032',0.210
'0:03.036',0.240
'0:03.040',0.265
'0:03.044',0.290
'0:03.048',0.315
'0:03.052',0.345
'0:03.056',0.380
'0:03.060',0.410
'0:03.064',0.435
'0:03.068',0.465
'0:03.072',0.495
'0:03.076',0.535
'0:03.080',0.565
'0:03.084',0.580
'0:03.088',0.600
'0:03.092',0.625
'0:03.096',0.645
'0:03.100',0.660
'0:03.104',0.675
'0:03.108',0.685
'0:03.112',0.685
'0:03.116',0.675
'0:03.120',0.670
'0:03.124',0.670
'0:03.128',0.640
'0:03.132',0.600
'0:03.136',0.550
'0:03.140',0.500
'0:03.144',0.460
'0:03.148',0.415
'0:03.152',0.370
'0:03.156',0.325
'0:03.160',0.265
'0:03.164',0.205
'0:03.168',0.165
'0:03.172',0.130
'0:03.176',0.090
'0:03.180',0.050
'0:03.184',0.025
'0:03.188',0.000
'0:03.192',-0.030
'0:03.196',-0.060
'0:03.200',-0.065
'0:03.204',-0.075
'0:03.208',-0.100
'0:03.212',-0.120
'0:03.216',-0.125
'0:03.220',-0.130
'0:03.224',-0.125
'0:03.228',-0.125
'0:03.232',-0.145
'0:03.236',-0.160
'0:03.240',-0.150
'0:03.244',-0.140
'0:03.248',-0.145
'0:03.252',-0.155
'0:03.256',-0.165
'0:03.260',-0.170
'0:03.264',-0.165
'0:03.268',-0.160
'0:03.272',-0.165
'0:03.276',-0.170
'0:03.280',-0.165
'0:03.284',-0.160
'0:03.288',-0.155
'0:03.292',-0.135
'0:03.296',-0.115
'0:03.300',-0.125
'0:03.304',-0.145
'0:03.308',-0.140
'0:03.312',-0.125
'0:03.316',-0.120
'0:03.320',-0.115
'0:03.324',-0.110
'0:03.328',-0.110
'0:03.332',-0.110
'0:03.336',-0.100
'0:03.340',-0.090
'0:03.344',-0.080
'0:03.348',-0.100
'0:03.352',-0.120
'0:03.356',-0.110
'0:03.360',-0.100
'0:03.364',-0.095
'0:03.368',-0.090
'0:03.372',-0.110
'0:03.376',-0.125
'0:03.380',-0.100
'0:03.384',-0.085
'0:03.388',-0.110
'0:03.392',-0.130
'0:03.396',-0.125
'0:03.400',-0.120
'0:03.404',-0.130
'0:03.408',-0.140
'0:03.412',-0.140
'0:03.416',-0.145
'0:03.420',-0.170
'0:03.424',-0.175
'0:03.428',-0.160
'0:03.432',-0.155
'0:03.436',-0.165
'0:03.440',-0.170
'0:03.444',-0.165
'0:03.448',-0.165
'0:03.452',-0.175
'0:03.456',-0.180
'0:03.460',-0.180
'0:03.464',-0.180
'0:03.468',-0.185
'0:03.472',-0.190
'0:03.476',-0.195
'0:03.480',-0.200
'0:03.484',-0.195
'0:03.488',-0.175
'0:03.492',-0.155
'0:03.496',-0.160
'0:03.500',-0.150
'0:03.504',-0.180
'0:03.508',-0.180
'0:03.512',-0.180
'0:03.516',-0.180
'0:03.520',-0.180
'0:03.524',-0.180
'0:03.528',-0.170
'0:03.532',-0.160
'0:03.536',-0.155
'0:03.540',-0.145
'0:03.544',-0.120
'0:03.548',-0.100
'0:03.552',-0.105
'0:03.556',-0.100
'0:03.560',-0.060
'0:03.564',-0.035
'0:03.568',-0.050
'0:03.572',-0.050
'0:03.576',-0.025
'0:03.580',0.005
'0:03.584',0.040
'0:03.588',0.080
'0:03.592',0.125
'0:03.596',0.145
'0:03.600',0.135
'0:03.604',0.110
'0:03.608',0.065
'0:03.612',0.030
'0:03.616',-0.005
'0:03.620',-0.035
'0:03.624',-0.060
'0:03.628',-0.085
'0:03.632',-0.110
'0:03.636',-0.135
'0:03.640',-0.155
'0:03.644',-0.210
'0:03.648',-0.270
'0:03.652',-0.260
'0:03.656',-0.235
'0:03.660',-0.245
'0:03.664',-0.265
'0:03.668',-0.265
'0:03.672',-0.260
'0:03.676',-0.230
'0:03.680',-0.200
'0:03.684',-0.220
'0:03.688',-0.240
'0:03.692',-0.230
'0:03.696',-0.220
'0:03.700',-0.225
'0:03.704',-0.210
'0:03.708',-0.100
'0:03.712',-0.060
'0:03.716',-0.225
'0:03.720',-0.350
'0:03.724',-0.385
'0:03.728',-0.295
'0:03.732',0.030
'0:03.736',0.355
'0:03.740',0.680
'0:03.744',1.005
'0:03.748',1.330
'0:03.752',1.335
'0:03.756',1.005
'0:03.760',0.680
'0:03.764',0.350
'0:03.768',0.025
'0:03.772',-0.305
'0:03.776',-0.630
'0:03.780',-0.960
'0:03.784',-1.290
'0:03.788',-1.615
'0:03.792',-1.595
'0:03.796',-1.445
'0:03.800',-1.160
'0:03.804',-0.835
'0:03.808',-0.630
'0:03.812',-0.455
'0:03.816',-0.370
'0:03.820',-0.300
'0:03.824',-0.280
'0:03.828',-0.265
'0:03.832',-0.230
'0:03.836',-0.190
'0:03.840',-0.185
'0:03.844',-0.180
'0:03.848',-0.170
'0:03.852',-0.160
'0:03.856',-0.150
'0:03.860',-0.140
'0:03.864',-0.135
'0:03.868',-0.130
'0:03.872',-0.120
'0:03.876',-0.110
'0:03.880',-0.095
'0:03.884',-0.080
'0:03.888',-0.070
'0:03.892',-0.060
'0:03.896',-0.060
'0:03.900',-0.060
'0:03.904',-0.065
'0:03.908',-0.060
'0:03.912',-0.030
'0:03.916',-0.010
'0:03.920',-0.010
'0:03.924',0.005
'0:03.928',0.035
'0:03.932',0.060
'0:03.936',0.080
'0:03.940',0.100
'0:03.944',0.120
'0:03.948',0.145
'0:03.952',0.170
'0:03.956',0.190
'0:03.960',0.205
'0:03.964',0.225
'0:03.968',0.245
'0:03.972',0.285
'0:03.976',0.330
'0:03.980',0.350
'0:03.984',0.365
'0:03.988',0.395
'0:03.992',0.425
'0:03.996',0.465
'0:04.000',0.430
'0:04.004',0.540
'0:04.008',0.570
'0:04.012',0.595
'0:04.016',0.620
'0:04.020',0.660
'0:04.024',0.700
'0:04.028',0.720
'0:04.032',0.740
'0:04.036',0.755
'0:04.040',0.770
'0:04.044',0.775
'0:04.048',0.780
'0:04.052',0.775
'0:04.056',0.760
'0:04.060',0.730
'0:04.064',0.695
'0:04.068',0.650
'0:04.072',0.600
'0:04.076',0.540
'0:04.080',0.495
'0:04.084',0.450
'0:04.088',0.400
'0:04.092',0.340
'0:04.096',0.285
'0:04.100',0.230
'0:04.104',0.185
'0:04.108',0.140
'0:04.112',0.105
'0:04.116',0.080
'0:04.120',0.040
'0:04.124',-0.005
'0:04.128',-0.040
'0:04.132',-0.070
'0:04.136',-0.080
'0:04.140',-0.085
'0:04.144',-0.100
'0:04.148',-0.115
'0:04.152',-0.125
'0:04.156',-0.135
'0:04.160',-0.150
'0:04.164',-0.165
'0:04.168',-0.170
'0:04.172',-0.170
'0:04.176',-0.175
'0:04.180',-0.180
'0:04.184',-0.170
'0:04.188',-0.160
'0:04.192',-0.165
'0:04.196',-0.170
'0:04.200',-0.175
'0:04.204',-0.180
'0:04.208',-0.175
'0:04.212',-0.170
'0:04.216',-0.165
'0:04.220',-0.160
'0:04.224',-0.150
'0:04.228',-0.145
'0:04.232',-0.165
'0:04.236',-0.175
'0:04.240',-0.160
'0:04.244',-0.145
'0:04.248',-0.130
'0:04.252',-0.115
'0:04.256',-0.100
'0:04.260',-0.090
'0:04.264',-0.090
'0:04.268',-0.090
'0:04.272',-0.095
'0:04.276',-0.090
'0:04.280',-0.070
'0:04.284',-0.065
'0:04.288',-0.075
'0:04.292',-0.075
'0:04.296',-0.065
'0:04.300',-0.060
'0:04.304',-0.065
'0:04.308',-0.070
'0:04.312',-0.070
'0:04.316',-0.070
'0:04.320',-0.075
'0:04.324',-0.080
'0:04.328',-0.085
'0:04.332',-0.090
'0:04.336',-0.090
'0:04.340',-0.095
'0:04.344',-0.100
'0:04.348',-0.100
'0:04.352',-0.100
'0:04.356',-0.105
'0:04.360',-0.110
'0:04.364',-0.100
'0:04.368',-0.090
'0:04.372',-0.095
'0:04.376',-0.100
'0:04.380',-0.100
'0:04.384',-0.100
'0:04.388',-0.115
'0:04.392',-0.125
'0:04.396',-0.110
'0:04.400',-0.105
'0:04.404',-0.120
'0:04.408',-0.130
'0:04.412',-0.140
'0:04.416',-0.150
'0:04.420',-0.145
'0:04.424',-0.140
'0:04.428',-0.140
'0:04.432',-0.135
'0:04.436',-0.125
'0:04.440',-0.120
'0:04.444',-0.120
'0:04.448',-0.120
'0:04.452',-0.120
'0:04.456',-0.135
'0:04.460',-0.160
'0:04.464',-0.160
'0:04.468',-0.145
'0:04.472',-0.140
'0:04.476',-0.140
'0:04.480',-0.145
'0:04.484',-0.155
'0:04.488',-0.140
'0:04.492',-0.115
'0:04.496',-0.060
'0:04.500',-0.110
'0:04.504',-0.025
'0:04.508',-0.050
'0:04.512',-0.035
'0:04.516',-0.020
'0:04.520',-0.005
'0:04.524',0.010
'0:04.528',0.020
'0:04.532',0.045
'0:04.536',0.135
'0:04.540',0.210
'0:04.544',0.185
'0:04.548',0.170
'0:04.552',0.155
'0:04.556',0.125
'0:04.560',0.075
'0:04.564',0.025
'0:04.568',-0.020
'0:04.572',-0.050
'0:04.576',-0.040
'0:04.580',-0.040
'0:04.584',-0.065
'0:04.588',-0.095
'0:04.592',-0.125
'0:04.596',-0.165
'0:04.600',-0.220
'0:04.604',-0.245
'0:04.608',-0.255
'0:04.612',-0.250
'0:04.616',-0.230
'0:04.620',-0.220
'0:04.624',-0.225
'0:04.628',-0.230
'0:04.632',-0.230
'0:04.636',-0.230
'0:04.640',-0.230
'0:04.644',-0.230
'0:04.648',-0.230
'0:04.652',-0.195
'0:04.656',-0.155
'0:04.660',-0.065
'0:04.664',0.025
'0:04.668',-0.255
'0:04.672',-0.535
'0:04.676',-0.250
'0:04.680',0.035
'0:04.684',0.360
'0:04.688',0.685
'0:04.692',1.010
'0:04.696',1.260
'0:04.700',1.130
'0:04.704',0.960
'0:04.708',0.635
'0:04.712',0.305
'0:04.716',-0.020
'0:04.720',-0.350
'0:04.724',-0.680
'0:04.728',-1.005
'0:04.732',-1.335
'0:04.736',-1.575
'0:04.740',-1.695
'0:04.744',-1.615
'0:04.748',-1.290
'0:04.752',-0.975
'0:04.756',-0.665
'0:04.760',-0.470
'0:04.764',-0.370
'0:04.768',-0.310
'0:04.772',-0.275
'0:04.776',-0.255
'0:04.780',-0.235
'0:04.784',-0.220
'0:04.788',-0.200
'0:04.792',-0.175
'0:04.796',-0.150
'0:04.800',-0.140
'0:04.804',-0.135
'0:04.808',-0.120
'0:04.812',-0.105
'0:04.816',-0.100
'0:04.820',-0.105
'0:04.824',-0.100
'0:04.828',-0.085
'0:04.832',-0.065
'0:04.836',-0.040
'0:04.840',-0.045
'0:04.844',-0.050
'0:04.848',-0.045
'0:04.852',-0.040
'0:04.856',-0.020
'0:04.860',0.000
'0:04.864',-0.005
'0:04.868',-0.005
'0:04.872',0.025
'0:04.876',0.050
'0:04.880',0.050
'0:04.884',0.055
'0:04.888',0.085
'0:04.892',0.110
'0:04.896',0.120
'0:04.900',0.140
'0:04.904',0.175
'0:04.908',0.205
'0:04.912',0.225
'0:04.916',0.250
'0:04.920',0.275
'0:04.924',0.300
'0:04.928',0.320
'0:04.932',0.350
'0:04.936',0.390
'0:04.940',0.425
'0:04.944',0.450
'0:04.948',0.480
'0:04.952',0.515
'0:04.956',0.545
'0:04.960',0.570
'0:04.964',0.605
'0:04.968',0.640
'0:04.972',0.670
'0:04.976',0.695
'0:04.980',0.725
'0:04.984',0.755
'0:04.988',0.765
'0:04.992',0.775
'0:04.996',0.780
'0:05.000',0.780
'0:05.004',0.780
'0:05.008',0.790
'0:05.012',0.765
'0:05.016',0.740
'0:05.020',0.690
'0:05.024',0.645
'0:05.028',0.575
'0:05.032',0.515
'0:05.036',0.480
'0:05.040',0.440
'0:05.044',0.390
'0:05.048',0.335
'0:05.052',0.275
'0:05.056',0.220
'0:05.060',0.185
'0:05.064',0.145
'0:05.068',0.105
'0:05.072',0.080
'0:05.076',0.070
'0:05.080',0.050
'0:05.084',0.015
'0:05.088',-0.005
'0:05.092',-0.020
'0:05.096',-0.035
'0:05.100',-0.045
'0:05.104',-0.050
'0:05.108',-0.050
'0:05.112',-0.060
'0:05.116',-0.080
'0:05.120',-0.090
'0:05.124',-0.090
'0:05.128',-0.090
'0:05.132',-0.085
'0:05.136',-0.080
'0:05.140',-0.085
'0:05.144',-0.090
'0:05.148',-0.095
'0:05.152',-0.100
'0:05.156',-0.100
'0:05.160',-0.095
'0:05.164',-0.085
'0:05.168',-0.085
'0:05.172',-0.090
'0:05.176',-0.080
'0:05.180',-0.070
'0:05.184',-0.070
'0:05.188',-0.070
'0:05.192',-0.075
'0:05.196',-0.080
'0:05.200',-0.075
'0:05.204',-0.070
'0:05.208',-0.055
'0:05.212',-0.040
'0:05.216',-0.050
'0:05.220',-0.060
'0:05.224',-0.060
'0:05.228',-0.060
'0:05.232',-0.055
'0:05.236',-0.050
'0:05.240',-0.040
'0:05.244',-0.030
'0:05.248',-0.035
'0:05.252',-0.035
'0:05.256',-0.025
'0:05.260',-0.035
'0:05.264',-0.065
'0:05.268',-0.080
'0:05.272',-0.075
'0:05.276',-0.065
'0:05.280',-0.045
'0:05.284',-0.050
'0:05.288',-0.070
'0:05.292',-0.075
'0:05.296',-0.065
'0:05.300',-0.085
'0:05.304',-0.120
'0:05.308',-0.100
'0:05.312',-0.060
'0:05.316',-0.075
'0:05.320',-0.105
'0:05.324',-0.095
'0:05.328',-0.075
'0:05.332',-0.080
'0:05.336',-0.100
'0:05.340',-0.090
'0:05.344',-0.080
'0:05.348',-0.080
'0:05.352',-0.080
'0:05.356',-0.100
'0:05.360',-0.120
'0:05.364',-0.105
'0:05.368',-0.095
'0:05.372',-0.130
'0:05.376',-0.160
'0:05.380',-0.150
'0:05.384',-0.135
'0:05.388',-0.115
'0:05.392',-0.100
'0:05.396',-0.110
'0:05.400',-0.125
'0:05.404',-0.140
'0:05.408',-0.150
'0:05.412',-0.140
'0:05.416',-0.130
'0:05.420',-0.130
'0:05.424',-0.130
'0:05.428',-0.125
'0:05.432',-0.125
'0:05.436',-0.135
'0:05.440',-0.140
'0:05.444',-0.140
'0:05.448',-0.140
'0:05.452',-0.145
'0:05.456',-0.150
'0:05.460',-0.155
'0:05.464',-0.160
'0:05.468',-0.155
'0:05.472',-0.150
'0:05.476',-0.145
'0:05.480',-0.105
'0:05.484',-0.065
'0:05.488',-0.060
'0:05.492',-0.055
'0:05.496',-0.045
'0:05.500',-0.050
'0:05.504',-0.035
'0:05.508',-0.040
'0:05.512',0.010
'0:05.516',0.060
'0:05.520',0.085
'0:05.524',0.115
'0:05.528',0.160
'0:05.532',0.200
'0:05.536',0.190
'0:05.540',0.170
'0:05.544',0.115
'0:05.548',0.065
'0:05.552',0.035
'0:05.556',0.005
'0:05.560',-0.010
'0:05.564',-0.030
'0:05.568',-0.065
'0:05.572',-0.090
'0:05.576',-0.100
'0:05.580',-0.135
'0:05.584',-0.190
'0:05.588',-0.220
'0:05.592',-0.225
'0:05.596',-0.235
'0:05.600',-0.245
'0:05.604',-0.245
'0:05.608',-0.235
'0:05.612',-0.225
'0:05.616',-0.215
'0:05.620',-0.220
'0:05.624',-0.235
'0:05.628',-0.240
'0:05.632',-0.235
'0:05.636',-0.210
'0:05.640',-0.175
'0:05.644',-0.110
'0:05.648',-0.030
'0:05.652',-0.140
'0:05.656',-0.280
'0:05.660',-0.365
'0:05.664',-0.445
'0:05.668',-0.130
'0:05.672',0.195
'0:05.676',0.520
'0:05.680',0.845
'0:05.684',1.170
'0:05.688',1.415
'0:05.692',1.090
'0:05.696',0.760
'0:05.700',0.435
'0:05.704',0.105
'0:05.708',-0.220
'0:05.712',-0.550
'0:05.716',-0.875
'0:05.720',-1.205
'0:05.724',-1.535
'0:05.728',-1.660
'0:05.732',-1.425
'0:05.736',-1.160
'0:05.740',-0.860
'0:05.744',-0.635
'0:05.748',-0.515
'0:05.752',-0.425
'0:05.756',-0.375
'0:05.760',-0.325
'0:05.764',-0.280
'0:05.768',-0.255
'0:05.772',-0.240
'0:05.776',-0.215
'0:05.780',-0.190
'0:05.784',-0.175
'0:05.788',-0.165
'0:05.792',-0.160
'0:05.796',-0.155
'0:05.800',-0.150
'0:05.804',-0.145
'0:05.808',-0.145
'0:05.812',-0.155
'0:05.816',-0.130
'0:05.820',-0.095
'0:05.824',-0.090
'0:05.828',-0.090
'0:05.832',-0.090
'0:05.836',-0.100
'0:05.840',-0.075
'0:05.844',-0.050
'0:05.848',-0.030
'0:05.852',-0.010
'0:05.856',-0.010
'0:05.860',-0.010
'0:05.864',0.025
'0:05.868',0.055
'0:05.872',0.085
'0:05.876',0.110
'0:05.880',0.115
'0:05.884',0.125
'0:05.888',0.155
'0:05.892',0.180
'0:05.896',0.190
'0:05.900',0.210
'0:05.904',0.245
'0:05.908',0.280
'0:05.912',0.305
'0:05.916',0.325
'0:05.920',0.340
'0:05.924',0.360
'0:05.928',0.380
'0:05.932',0.425
'0:05.936',0.485
'0:05.940',0.515
'0:05.944',0.530
'0:05.948',0.560
'0:05.952',0.590
'0:05.956',0.620
'0:05.960',0.650
'0:05.964',0.680
'0:05.968',0.710
'0:05.972',0.720
'0:05.976',0.720
'0:05.980',0.735
'0:05.984',0.755
'0:05.988',0.760
'0:05.992',0.755
'0:05.996',0.735
'0:06.000',0.750
'0:06.004',0.660
'0:06.008',0.610
'0:06.012',0.560
'0:06.016',0.510
'0:06.020',0.480
'0:06.024',0.445
'0:06.028',0.375
'0:06.032',0.315
'0:06.036',0.280
'0:06.040',0.235
'0:06.044',0.170
'0:06.048',0.110
'0:06.052',0.075
'0:06.056',0.050
'0:06.060',0.040
'0:06.064',0.025
'0:06.068',-0.005
'0:06.072',-0.030
'0:06.076',-0.060
'0:06.080',-0.080
'0:06.084',-0.080
'0:06.088',-0.085
'0:06.092',-0.095
'0:06.096',-0.105
'0:06.100',-0.120
'0:06.104',-0.130
'0:06.108',-0.135
'0:06.112',-0.140
'0:06.116',-0.140
'0:06.120',-0.140
'0:06.124',-0.145
'0:06.128',-0.150
'0:06.132',-0.150
'0:06.136',-0.145
'0:06.140',-0.135
'0:06.144',-0.140
'0:06.148',-0.155
'0:06.152',-0.150
'0:06.156',-0.135
'0:06.160',-0.135
'0:06.164',-0.145
'0:06.168',-0.150
'0:06.172',-0.150
'0:06.176',-0.145
'0:06.180',-0.140
'0:06.184',-0.145
'0:06.188',-0.150
'0:06.192',-0.150
'0:06.196',-0.150
'0:06.200',-0.140
'0:06.204',-0.135
'0:06.208',-0.160
'0:06.212',-0.175
'0:06.216',-0.135
'0:06.220',-0.110
'0:06.224',-0.130
'0:06.228',-0.140
'0:06.232',-0.145
'0:06.236',-0.150
'0:06.240',-0.140
'0:06.244',-0.130
'0:06.248',-0.120
'0:06.252',-0.110
'0:06.256',-0.115
'0:06.260',-0.125
'0:06.264',-0.135
'0:06.268',-0.135
'0:06.272',-0.125
'0:06.276',-0.120
'0:06.280',-0.115
'0:06.284',-0.120
'0:06.288',-0.135
'0:06.292',-0.130
'0:06.296',-0.115
'0:06.300',-0.125
'0:06.304',-0.145
'0:06.308',-0.150
'0:06.312',-0.145
'0:06.316',-0.140
'0:06.320',-0.135
'0:06.324',-0.130
'0:06.328',-0.125
'0:06.332',-0.120
'0:06.336',-0.110
'0:06.340',-0.120
'0:06.344',-0.130
'0:06.348',-0.135
'0:06.352',-0.140
'0:06.356',-0.145
'0:06.360',-0.150
'0:06.364',-0.155
'0:06.368',-0.160
'0:06.372',-0.170
'0:06.376',-0.180
'0:06.380',-0.175
'0:06.384',-0.170
'0:06.388',-0.165
'0:06.392',-0.160
'0:06.396',-0.165
'0:06.400',-0.170
'0:06.404',-0.165
'0:06.408',-0.160
'0:06.412',-0.170
'0:06.416',-0.180
'0:06.420',-0.180
'0:06.424',-0.175
'0:06.428',-0.165
'0:06.432',-0.160
'0:06.436',-0.165
'0:06.440',-0.170
'0:06.444',-0.170
'0:06.448',-0.160
'0:06.452',-0.145
'0:06.456',-0.115
'0:06.460',-0.070
'0:06.464',-0.075
'0:06.468',-0.095
'0:06.472',-0.090
'0:06.476',-0.075
'0:06.480',-0.055
'0:06.484',-0.035
'0:06.488',-0.020
'0:06.492',-0.005
'0:06.496',0.075
'0:06.500',0.000
'0:06.504',0.160
'0:06.508',0.160
'0:06.512',0.155
'0:06.516',0.145
'0:06.520',0.065
'0:06.524',-0.010
'0:06.528',-0.030
'0:06.532',-0.050
'0:06.536',-0.065
'0:06.540',-0.080
'0:06.544',-0.105
'0:06.548',-0.130
'0:06.552',-0.170
'0:06.556',-0.210
'0:06.560',-0.240
'0:06.564',-0.260
'0:06.568',-0.260
'0:06.572',-0.260
'0:06.576',-0.255
'0:06.580',-0.250
'0:06.584',-0.255
'0:06.588',-0.260
'0:06.592',-0.260
'0:06.596',-0.260
'0:06.600',-0.255
'0:06.604',-0.250
'0:06.608',-0.250
'0:06.612',-0.225
'0:06.616',-0.185
'0:06.620',-0.110
'0:06.624',-0.025
'0:06.628',-0.225
'0:06.632',-0.525
'0:06.636',-0.370
'0:06.640',-0.095
'0:06.644',0.220
'0:06.648',0.545
'0:06.652',0.870
'0:06.656',1.195
'0:06.660',1.015
'0:06.664',0.795
'0:06.668',0.470
'0:06.672',0.140
'0:06.676',-0.185
'0:06.680',-0.515
'0:06.684',-0.840
'0:06.688',-1.170
'0:06.692',-1.495
'0:06.696',-1.780
'0:06.700',-1.860
'0:06.704',-1.850
'0:06.708',-1.525
'0:06.712',-1.200
'0:06.716',-0.875
'0:06.720',-0.605
'0:06.724',-0.460
'0:06.728',-0.350
'0:06.732',-0.305
'0:06.736',-0.275
'0:06.740',-0.255
'0:06.744',-0.230
'0:06.748',-0.200
'0:06.752',-0.170
'0:06.756',-0.145
'0:06.760',-0.130
'0:06.764',-0.135
'0:06.768',-0.135
'0:06.772',-0.125
'0:06.776',-0.115
'0:06.780',-0.095
'0:06.784',-0.085
'0:06.788',-0.075
'0:06.792',-0.070
'0:06.796',-0.070
'0:06.800',-0.070
'0:06.804',-0.065
'0:06.808',-0.050
'0:06.812',-0.035
'0:06.816',-0.020
'0:06.820',-0.005
'0:06.824',0.000
'0:06.828',0.000
'0:06.832',0.020
'0:06.836',0.050
'0:06.840',0.060
'0:06.844',0.070
'0:06.848',0.085
'0:06.852',0.100
'0:06.856',0.125
'0:06.860',0.150
'0:06.864',0.165
'0:06.868',0.185
'0:06.872',0.215
'0:06.876',0.250
'0:06.880',0.290
'0:06.884',0.325
'0:06.888',0.345
'0:06.892',0.360
'0:06.896',0.370
'0:06.900',0.395
'0:06.904',0.440
'0:06.908',0.485
'0:06.912',0.525
'0:06.916',0.565
'0:06.920',0.600
'0:06.924',0.625
'0:06.928',0.640
'0:06.932',0.660
'0:06.936',0.680
'0:06.940',0.700
'0:06.944',0.720
'0:06.948',0.735
'0:06.952',0.745
'0:06.956',0.750
'0:06.960',0.755
'0:06.964',0.755
'0:06.968',0.745
'0:06.972',0.720
'0:06.976',0.695
'0:06.980',0.655
'0:06.984',0.615
'0:06.988',0.560
'0:06.992',0.505
'0:06.996',0.470
'0:07.000',0.500
'0:07.004',0.370
'0:07.008',0.310
'0:07.012',0.280
'0:07.016',0.250
'0:07.020',0.200
'0:07.024',0.160
'0:07.028',0.125
'0:07.032',0.095
'0:07.036',0.060
'0:07.040',0.030
'0:07.044',0.005
'0:07.048',-0.010
'0:07.052',-0.025
'0:07.056',-0.040
'0:07.060',-0.040
'0:07.064',-0.040
'0:07.068',-0.050
'0:07.072',-0.060
'0:07.076',-0.055
'0:07.080',-0.050
'0:07.084',-0.055
'0:07.088',-0.065
'0:07.092',-0.075
'0:07.096',-0.080
'0:07.100',-0.075
'0:07.104',-0.070
'0:07.108',-0.070
'0:07.112',-0.065
'0:07.116',-0.055
'0:07.120',-0.045
'0:07.124',-0.035
'0:07.128',-0.030
'0:07.132',-0.030
'0:07.136',-0.030
'0:07.140',-0.030
'0:07.144',-0.030
'0:07.148',-0.025
'0:07.152',-0.020
'0:07.156',-0.025
'0:07.160',-0.015
'0:07.164',0.005
'0:07.168',0.010
'0:07.172',0.010
'0:07.176',0.025
'0:07.180',0.040
'0:07.184',0.035
'0:07.188',0.030
'0:07.192',0.045
'0:07.196',0.060
'0:07.200',0.065
'0:07.204',0.070
'0:07.208',0.055
'0:07.212',0.040
'0:07.216',0.055
'0:07.220',0.070
'0:07.224',0.080
'0:07.228',0.085
'0:07.232',0.065
'0:07.236',0.050
'0:07.240',0.055
'0:07.244',0.060
'0:07.248',0.055
'0:07.252',0.050
'0:07.256',0.050
'0:07.260',0.050
'0:07.264',0.055
'0:07.268',0.055
'0:07.272',0.045
'0:07.276',0.030
'0:07.280',0.010
'0:07.284',0.010
'0:07.288',0.025
'0:07.292',0.030
'0:07.296',0.030
'0:07.300',0.020
'0:07.304',0.005
'0:07.308',0.000
'0:07.312',-0.005
'0:07.316',0.000
'0:07.320',0.015
'0:07.324',-0.010
'0:07.328',-0.045
'0:07.332',-0.045
'0:07.336',-0.030
'0:07.340',-0.020
'0:07.344',-0.010
'0:07.348',-0.035
'0:07.352',-0.060
'0:07.356',-0.050
'0:07.360',-0.040
'0:07.364',-0.030
'0:07.368',-0.020
'0:07.372',-0.030
'0:07.376',-0.040
'0:07.380',-0.045
'0:07.384',-0.055
'0:07.388',-0.075
'0:07.392',-0.080
'0:07.396',-0.035
'0:07.400',-0.005
'0:07.404',0.015
'0:07.408',0.040
'0:07.412',0.070
'0:07.416',0.090
'0:07.420',0.075
'0:07.424',0.075
'0:07.428',0.085
'0:07.432',0.100
'0:07.436',0.120
'0:07.440',0.155
'0:07.444',0.195
'0:07.448',0.240
'0:07.452',0.295
'0:07.456',0.300
'0:07.460',0.285
'0:07.464',0.255
'0:07.468',0.220
'0:07.472',0.185
'0:07.476',0.150
'0:07.480',0.125
'0:07.484',0.105
'0:07.488',0.075
'0:07.492',0.045
'0:07.496',0.010
'0:07.500',0.040
'0:07.504',-0.050
'0:07.508',-0.070
'0:07.512',-0.090
'0:07.516',-0.110
'0:07.520',-0.100
'0:07.524',-0.090
'0:07.528',-0.095
'0:07.532',-0.100
'0:07.536',-0.110
'0:07.540',-0.115
'0:07.544',-0.090
'0:07.548',-0.070
'0:07.552',-0.085
'0:07.556',-0.095
'0:07.560',-0.080
'0:07.564',-0.030
'0:07.568',0.075
'0:07.572',0.085
'0:07.576',-0.045
'0:07.580',-0.195
'0:07.584',-0.360
'0:07.588',-0.275
'0:07.592',0.050
'0:07.596',0.375
'0:07.600',0.700
'0:07.604',1.025
'0:07.608',1.350
'0:07.612',1.250
'0:07.616',0.925
'0:07.620',0.595
'0:07.624',0.270
'0:07.628',-0.060
'0:07.632',-0.385
'0:07.636',-0.715
'0:07.640',-1.040
'0:07.644',-1.370
'0:07.648',-1.695
'0:07.652',-1.550
'0:07.656',-1.335
'0:07.660',-1.020
'0:07.664',-0.695
'0:07.668',-0.500
'0:07.672',-0.310
'0:07.676',-0.255
'0:07.680',-0.195
'0:07.684',-0.130
'0:07.688',-0.070
'0:07.692',-0.090
'0:07.696',-0.100
'0:07.700',-0.035
'0:07.704',0.015
'0:07.708',-0.015
'0:07.712',-0.040
'0:07.716',-0.025
'0:07.720',-0.010
'0:07.724',0.000
'0:07.728',0.010
'0:07.732',0.020
'0:07.736',0.030
'0:07.740',0.030
'0:07.744',0.030
'0:07.748',0.020
'0:07.752',0.040
'0:07.756',0.105
'0:07.760',0.125
'0:07.764',0.095
'0:07.768',0.075
'0:07.772',0.065
'0:07.776',0.095
'0:07.780',0.150
'0:07.784',0.180
'0:07.788',0.195
'0:07.792',0.185
'0:07.796',0.165
'0:07.800',0.210
'0:07.804',0.275
'0:07.808',0.310
'0:07.812',0.335
'0:07.816',0.320
'0:07.820',0.295
'0:07.824',0.320
'0:07.828',0.355
'0:07.832',0.375
'0:07.836',0.400
'0:07.840',0.420
'0:07.844',0.440
'0:07.848',0.515
'0:07.852',0.580
'0:07.856',0.615
'0:07.860',0.650
'0:07.864',0.635
'0:07.868',0.630
'0:07.872',0.685
'0:07.876',0.730
'0:07.880',0.745
'0:07.884',0.760
'0:07.888',0.775
'0:07.892',0.795
'0:07.896',0.810
'0:07.900',0.825
'0:07.904',0.845
'0:07.908',0.890
'0:07.912',0.960
'0:07.916',0.935
'0:07.920',0.795
'0:07.924',0.735
'0:07.928',0.745
'0:07.932',0.710
'0:07.936',0.640
'0:07.940',0.605
'0:07.944',0.590
'0:07.948',0.525
'0:07.952',0.445
'0:07.956',0.395
'0:07.960',0.360
'0:07.964',0.295
'0:07.968',0.215
'0:07.972',0.185
'0:07.976',0.165
'0:07.980',0.165
'0:07.984',0.175
'0:07.988',0.120
'0:07.992',0.055
'0:07.996',0.030
'0:08.000',0.050
'0:08.004',0.035
'0:08.008',0.070
'0:08.012',0.040
'0:08.016',0.010
'0:08.020',-0.010
'0:08.024',-0.030
'0:08.028',-0.025
'0:08.032',-0.020
'0:08.036',-0.035
'0:08.040',-0.045
'0:08.044',-0.015
'0:08.048',0.010
'0:08.052',0.015
'0:08.056',0.015
'0:08.060',-0.010
'0:08.064',-0.025
'0:08.068',0.005
'0:08.072',0.010
'0:08.076',-0.020
'0:08.080',-0.025
'0:08.084',0.020
'0:08.088',0.030
'0:08.092',0.010
'0:08.096',0.000
'0:08.100',0.000
'0:08.104',0.000
'0:08.108',-0.005
'0:08.112',0.010
'0:08.116',0.045
'0:08.120',0.055
'0:08.124',0.045
'0:08.128',0.040
'0:08.132',0.040
'0:08.136',0.040
'0:08.140',0.040
'0:08.144',0.045
'0:08.148',0.055
'0:08.152',0.090
'0:08.156',0.125
'0:08.160',0.110
'0:08.164',0.085
'0:08.168',0.065
'0:08.172',0.050
'0:08.176',0.055
'0:08.180',0.060
'0:08.184',0.065
'0:08.188',0.070
'0:08.192',0.055
'0:08.196',0.040
'0:08.200',0.055
'0:08.204',0.070
'0:08.208',0.090
'0:08.212',0.100
'0:08.216',0.060
'0:08.220',0.030
'0:08.224',0.040
'0:08.228',0.060
'0:08.232',0.105
'0:08.236',0.110
'0:08.240',0.055
'0:08.244',0.015
'0:08.248',-0.005
'0:08.252',-0.015
'0:08.256',0.000
'0:08.260',0.015
'0:08.264',0.025
'0:08.268',0.025
'0:08.272',0.010
'0:08.276',0.000
'0:08.280',0.005
'0:08.284',0.015
'0:08.288',0.025
'0:08.292',0.050
'0:08.296',0.080
'0:08.300',0.095
'0:08.304',0.105
'0:08.308',0.110
'0:08.312',0.115
'0:08.316',0.110
'0:08.320',0.095
'0:08.324',0.155
'0:08.328',0.225
'0:08.332',0.255
'0:08.336',0.290
'0:08.340',0.345
'0:08.344',0.400
'0:08.348',0.370
'0:08.352',0.335
'0:08.356',0.290
'0:08.360',0.245
'0:08.364',0.185
'0:08.368',0.135
'0:08.372',0.110
'0:08.376',0.090
'0:08.380',0.095
'0:08.384',0.095
'0:08.388',0.075
'0:08.392',0.045
'0:08.396',-0.015
'0:08.400',-0.060
'0:08.404',-0.095
'0:08.408',-0.120
'0:08.412',-0.110
'0:08.416',-0.090
'0:08.420',-0.065
'0:08.424',-0.045
'0:08.428',-0.035
'0:08.432',-0.055
'0:08.436',-0.100
'0:08.440',-0.105
'0:08.444',-0.080
'0:08.448',-0.060
'0:08.452',-0.045
'0:08.456',0.025
'0:08.460',0.115
'0:08.464',0.070
'0:08.468',-0.030
'0:08.472',-0.175
'0:08.476',-0.335
'0:08.480',-0.085
'0:08.484',0.240
'0:08.488',0.565
'0:08.492',0.890
'0:08.496',1.215
'0:08.500',0.910
'0:08.504',1.220
'0:08.508',0.890
'0:08.512',0.565
'0:08.516',0.235
'0:08.520',-0.090
'0:08.524',-0.420
'0:08.528',-0.745
'0:08.532',-1.075
'0:08.536',-1.400
'0:08.540',-1.585
'0:08.544',-1.275
'0:08.548',-0.960
'0:08.552',-0.635
'0:08.556',-0.380
'0:08.560',-0.265
'0:08.564',-0.175
'0:08.568',-0.130
'0:08.572',-0.100
'0:08.576',-0.095
'0:08.580',-0.075
'0:08.584',-0.030
'0:08.588',0.005
'0:08.592',0.040
'0:08.596',0.040
'0:08.600',0.005
'0:08.604',0.010
'0:08.608',0.055
'0:08.612',0.060
'0:08.616',0.045
'0:08.620',0.055
'0:08.624',0.080
'0:08.628',0.100
'0:08.632',0.115
'0:08.636',0.105
'0:08.640',0.085
'0:08.644',0.090
'0:08.648',0.105
'0:08.652',0.095
'0:08.656',0.075
'0:08.660',0.150
'0:08.664',0.235
'0:08.668',0.200
'0:08.672',0.160
'0:08.676',0.180
'0:08.680',0.200
'0:08.684',0.215
'0:08.688',0.230
'0:08.692',0.260
'0:08.696',0.295
'0:08.700',0.335
'0:08.704',0.370
'0:08.708',0.385
'0:08.712',0.400
'0:08.716',0.415
'0:08.720',0.435
'0:08.724',0.470
'0:08.728',0.510
'0:08.732',0.565
'0:08.736',0.605
'0:08.740',0.625
'0:08.744',0.650
'0:08.748',0.675
'0:08.752',0.715
'0:08.756',0.765
'0:08.760',0.800
'0:08.764',0.825
'0:08.768',0.845
'0:08.772',0.855
'0:08.776',0.875
'0:08.780',0.910
'0:08.784',0.920
'0:08.788',0.920
'0:08.792',0.925
'0:08.796',0.935
'0:08.800',0.940
'0:08.804',0.935
'0:08.808',0.915
'0:08.812',0.895
'0:08.816',0.850
'0:08.820',0.805
'0:08.824',0.710
'0:08.828',0.605
'0:08.832',0.600
'0:08.836',0.590
'0:08.840',0.500
'0:08.844',0.410
'0:08.848',0.395
'0:08.852',0.380
'0:08.856',0.355
'0:08.860',0.325
'0:08.864',0.290
'0:08.868',0.250
'0:08.872',0.190
'0:08.876',0.145
'0:08.880',0.170
'0:08.884',0.180
'0:08.888',0.140
'0:08.892',0.110
'0:08.896',0.105
'0:08.900',0.095
'0:08.904',0.080
'0:08.908',0.070
'0:08.912',0.080
'0:08.916',0.080
'0:08.920',0.055
'0:08.924',0.055
'0:08.928',0.085
'0:08.932',0.095
'0:08.936',0.080
'0:08.940',0.070
'0:08.944',0.065
'0:08.948',0.050
'0:08.952',0.035
'0:08.956',0.030
'0:08.960',0.025
'0:08.964',0.030
'0:08.968',0.045
'0:08.972',0.045
'0:08.976',0.035
'0:08.980',0.040
'0:08.984',0.055
'0:08.988',0.075
'0:08.992',0.095
'0:08.996',0.085
'0:09.000',0.100
'0:09.004',0.075
'0:09.008',0.090
'0:09.012',0.080
'0:09.016',0.070
'0:09.020',0.075
'0:09.024',0.080
'0:09.028',0.060
'0:09.032',0.040
'0:09.036',0.025
'0:09.040',0.020
'0:09.044',0.065
'0:09.048',0.100
'0:09.052',0.085
'0:09.056',0.075
'0:09.060',0.090
'0:09.064',0.095
'0:09.068',0.075
'0:09.072',0.060
'0:09.076',0.050
'0:09.080',0.040
'0:09.084',0.035
'0:09.088',0.040
'0:09.092',0.065
'0:09.096',0.045
'0:09.100',-0.020
'0:09.104',-0.025
'0:09.108',0.020
'0:09.112',0.045
'0:09.116',0.055
'0:09.120',0.050
'0:09.124',0.035
'0:09.128',0.030
'0:09.132',0.025
'0:09.136',0.025
'0:09.140',0.035
'0:09.144',0.015
'0:09.148',-0.015
'0:09.152',-0.015
'0:09.156',-0.005
'0:09.160',0.005
'0:09.164',0.015
'0:09.168',0.020
'0:09.172',0.020
'0:09.176',0.025
'0:09.180',0.030
'0:09.184',0.025
'0:09.188',0.020
'0:09.192',0.005
'0:09.196',-0.010
'0:09.200',0.010
'0:09.204',0.030
'0:09.208',0.025
'0:09.212',0.020
'0:09.216',0.020
'0:09.220',0.035
'0:09.224',0.085
'0:09.228',0.115
'0:09.232',0.095
'0:09.236',0.085
'0:09.240',0.105
'0:09.244',0.120
'0:09.248',0.115
'0:09.252',0.120
'0:09.256',0.140
'0:09.260',0.205
'0:09.264',0.305
'0:09.268',0.330
'0:09.272',0.285
'0:09.276',0.275
'0:09.280',0.285
'0:09.284',0.270
'0:09.288',0.230
'0:09.292',0.165
'0:09.296',0.090
'0:09.300',0.070
'0:09.304',0.065
'0:09.308',0.060
'0:09.312',0.060
'0:09.316',0.000
'0:09.320',-0.070
'0:09.324',-0.080
'0:09.328',-0.075
'0:09.332',-0.100
'0:09.336',-0.140
'0:09.340',-0.140
'0:09.344',-0.140
'0:09.348',-0.110
'0:09.352',-0.080
'0:09.356',-0.085
'0:09.360',-0.090
'0:09.364',-0.065
'0:09.368',-0.045
'0:09.372',-0.075
'0:09.376',-0.095
'0:09.380',-0.075
'0:09.384',-0.025
'0:09.388',0.095
'0:09.392',0.075
'0:09.396',-0.245
'0:09.400',-0.360
'0:09.404',-0.150
'0:09.408',0.110
'0:09.412',0.435
'0:09.416',0.760
'0:09.420',1.085
'0:09.424',1.220
'0:09.428',1.180
'0:09.432',0.975
'0:09.436',0.645
'0:09.440',0.320
'0:09.444',-0.010
'0:09.448',-0.340
'0:09.452',-0.665
'0:09.456',-0.995
'0:09.460',-1.320
'0:09.464',-1.545
'0:09.468',-1.730
'0:09.472',-1.510
'0:09.476',-1.185
'0:09.480',-0.860
'0:09.484',-0.535
'0:09.488',-0.370
'0:09.492',-0.220
'0:09.496',-0.200
'0:09.500',-0.210
'0:09.504',-0.130
'0:09.508',-0.080
'0:09.512',-0.050
'0:09.516',-0.020
'0:09.520',-0.050
'0:09.524',-0.080
'0:09.528',-0.045
'0:09.532',-0.020
'0:09.536',-0.030
'0:09.540',-0.035
'0:09.544',-0.010
'0:09.548',0.010
'0:09.552',0.005
'0:09.556',0.010
'0:09.560',0.040
'0:09.564',0.075
'0:09.568',0.115
'0:09.572',0.125
'0:09.576',0.085
'0:09.580',0.075
'0:09.584',0.120
'0:09.588',0.145
'0:09.592',0.160
'0:09.596',0.165
'0:09.600',0.155
'0:09.604',0.160
'0:09.608',0.180
'0:09.612',0.220
'0:09.616',0.270
'0:09.620',0.295
'0:09.624',0.305
'0:09.628',0.310
'0:09.632',0.305
'0:09.636',0.320
'0:09.640',0.345
'0:09.644',0.390
'0:09.648',0.440
'0:09.652',0.465
'0:09.656',0.485
'0:09.660',0.520
'0:09.664',0.555
'0:09.668',0.570
'0:09.672',0.580
'0:09.676',0.615
'0:09.680',0.650
'0:09.684',0.695
'0:09.688',0.740
'0:09.692',0.750
'0:09.696',0.765
'0:09.700',0.805
'0:09.704',0.840
'0:09.708',0.845
'0:09.712',0.850
'0:09.716',0.860
'0:09.720',0.860
'0:09.724',0.825
'0:09.728',0.805
'0:09.732',0.825
'0:09.736',0.825
'0:09.740',0.785
'0:09.744',0.730
'0:09.748',0.650
'0:09.752',0.600
'0:09.756',0.575
'0:09.760',0.535
'0:09.764',0.490
'0:09.768',0.435
'0:09.772',0.365
'0:09.776',0.315
'0:09.780',0.265
'0:09.784',0.225
'0:09.788',0.185
'0:09.792',0.150
'0:09.796',0.120
'0:09.800',0.095
'0:09.804',0.075
'0:09.808',0.060
'0:09.812',0.045
'0:09.816',0.040
'0:09.820',0.040
'0:09.824',0.040
'0:09.828',0.045
'0:09.832',0.020
'0:09.836',-0.020
'0:09.840',-0.020
'0:09.844',-0.020
'0:09.848',-0.035
'0:09.852',-0.050
'0:09.856',-0.060
'0:09.860',-0.070
'0:09.864',-0.035
'0:09.868',-0.015
'0:09.872',-0.040
'0:09.876',-0.050
'0:09.880',-0.010
'0:09.884',0.020
'0:09.888',0.005
'0:09.892',-0.010
'0:09.896',0.000
'0:09.900',0.010
'0:09.904',0.015
'0:09.908',0.015
'0:09.912',-0.005
'0:09.916',-0.020
'0:09.920',-0.025
'0:09.924',-0.015
'0:09.928',0.015
'0:09.932',0.025
'0:09.936',0.015
'0:09.940',0.005
'0:09.944',-0.010
'0:09.948',-0.010
'0:09.952',0.005
'0:09.956',0.005
'0:09.960',-0.005
'0:09.964',0.000
'0:09.968',0.015
'0:09.972',0.010
'0:09.976',-0.005
'0:09.980',-0.005
'0:09.984',0.005
'0:09.988',-0.005
'0:09.992',-0.025
'0:09.996',-0.030
